{"precision": 0.7441077441077442, "recall": 0.4035301278149726, "f1": 0.5232833464877664, "roc_auc": 0.701675362353997, "confusion_matrix": [[1270653, 228], [980, 663]], "accuracy": 0.9990507055269684, "fpr": [0.0, 0.0001794031069785448, 1.0], "tpr": [0.0, 0.4035301278149726, 1.0]}