{"recall": 0.9999881971640145, "f1": 0.9995890319914015, "roc_auc": 0.3134569056784918, "confusion_matrix": [[1270866, 15], [1030, 613]], "accuracy": 0.999178797413644, "fpr": [0.0, 0.3730979914790018, 1.0], "tpr": [0.0, 1.180283598543058e-05, 1.0]}