{"precision": 0.9761146496815286, "recall": 0.3730979914790018, "f1": 0.5398502862175253, "roc_auc": 0.6865430943215082, "confusion_matrix": [[1270866, 15], [1030, 613]], "accuracy": 0.999178797413644, "fpr": [0.0, 1.180283598543058e-05, 1.0], "tpr": [0.0, 0.3730979914790018, 1.0]}